category,main,product,product_url
Herbs,Basil,Aroma 2,https://www.ufseeds.com/product/aroma-2-basil-seeds/
Herbs,Basil,Large Leaf Italian,https://www.ufseeds.com/product/large-leaf-italian-basil-seeds/
Herbs,Basil,Genovese,https://www.ufseeds.com/product/genovese-basil-seeds/
Herbs,Basil,Siam Queen,https://www.ufseeds.com/product/siam-queen-basil-seeds/
Herbs,Basil,Valentino,https://www.ufseeds.com/product/valentino-basil-seeds/
Herbs,Basil,Lemon,https://www.ufseeds.com/product/lemon-basil-seeds/
Herbs,Basil,Dark Opal,https://www.ufseeds.com/product/dark-opal-basil-seeds/
Herbs,Basil,Pistou,https://www.ufseeds.com/product/pistou-basil-seeds/
Herbs,Basil,Ararat,https://www.ufseeds.com/product/ararat-basil-seeds/
Herbs,Basil,Lime,https://www.ufseeds.com/product/lime-basil-seeds/
Herbs,Basil,Spicy Bush,https://www.ufseeds.com/product/spicy-bush-basil-seeds/
Herbs,Basil,Red Rubin,https://www.ufseeds.com/product/red-rubin-basil-seeds/
Herbs,Basil,Mrs Burns,https://www.ufseeds.com/product/mrs-burns-basil-seeds/
Herbs,Basil,Lettuce Leaf,https://www.ufseeds.com/product/lettuce-leaf-basil-seeds/
Herbs,Basil,Green Ruffles,https://www.ufseeds.com/product/green-ruffles-basil-seeds/
Herbs,Basil,Cinnamon,https://www.ufseeds.com/product/cinnamon-basil-seeds/
Herbs,Bee Balm,Wild Bergamot,https://www.ufseeds.com/product/wild-bergamot-seeds/
Herbs,Borage,Common,https://www.ufseeds.com/product/common-borage-seed/
Herbs,Catnip,Common,https://www.ufseeds.com/product/common-catnip-seeds/
Herbs,Chervil,Plain Leaf,https://www.ufseeds.com/product/chervil-plain-leaf-seeds/
Herbs,Chives,Common,https://www.ufseeds.com/product/italian-chive-seeds/
Herbs,Cilantro,Slow Bolt,https://www.ufseeds.com/product/slow-bolt-cilantro-seeds/
Herbs,Cilantro,Common,https://www.ufseeds.com/product/common-cilantro-seeds/
Herbs,Cumin,Common,https://www.ufseeds.com/product/common-cumin-seeds/
Herbs,Dill,Bouquet,https://www.ufseeds.com/product/bouquet-dill-seeds/
Herbs,Dill,Mammoth Long Island,https://www.ufseeds.com/product/mammoth-long-island-dill-seeds/
Herbs,Dill,Dukat,https://www.ufseeds.com/product/dukat-dill-seeds/
Herbs,Herb Kits,Metal Herb Garden Kit (Round),https://www.ufseeds.com/product/metal-herb-garden-kit-round/
Herbs,Herb Kits,Metal Herb Kit with Handle,https://www.ufseeds.com/product/yellow-herb-garden-kit/
Herbs,Herb Kits,Mason Jar,https://www.ufseeds.com/product/mason-jar-herb-kits/
Herbs,Herb Kits,Plant in a Bag,https://www.ufseeds.com/product/plant-in-a-bag/
Herbs,Herb Kits,Indoor Herb Kit,https://www.ufseeds.com/product/indoor-herb-kit/
Herbs,Herb Kits,Metal Herb Kit (Square),https://www.ufseeds.com/product/verdigris-copper-herb-kit-square/
Herbs,Herb Kits,"Herb Kit ""Singlets""",https://www.ufseeds.com/product/herb-kit-singlets/
Herbs,Herb Kits,Chalk Pot,https://www.ufseeds.com/product/personalized-herb-kit/
Herbs,Herb Kits,Dry Erase,https://www.ufseeds.com/product/dry-erase-herb-kits/
Herbs,Lavender,Vera,https://www.ufseeds.com/product/vera-lavender-seeds/
Herbs,Lavender,English,https://www.ufseeds.com/product/english-lavender-seeds/
Herbs,Lavender,Munstead,https://www.ufseeds.com/product/munstead-lavendar-seeds/
Herbs,Lemon Balm,Common,https://www.ufseeds.com/product/lemon-balm/
Herbs,Lemon Grass,Common,https://www.ufseeds.com/product/common-lemon-grass-seeds/
Herbs,Mint,Spearmint,https://www.ufseeds.com/product/spearmint-seeds/
Herbs,Mint,Peppermint,https://www.ufseeds.com/product/peppermint-seeds/
Herbs,Parsley,Giant of Italy,https://www.ufseeds.com/product/giant-of-italy-parsley-seeds/
Herbs,Parsley,Italian Plain Leaf,https://www.ufseeds.com/product/italian-flat-leaf-parsley-seeds/
Herbs,Parsley,Forest Green,https://www.ufseeds.com/product/forest-green-parsley-seeds/
Herbs,Parsley,Triple Curled,https://www.ufseeds.com/product/triple-curled-parsley-seeds/
Herbs,Parsley,Hamburg Rooted,https://www.ufseeds.com/product/hamburg-rooted-parsley-seeds/
Herbs,Parsley,Krausa,https://www.ufseeds.com/product/krausa-parsley-seeds/
Herbs,Rosemary,Common,https://www.ufseeds.com/product/common-rosemary-seeds/
Herbs,Sage,Broadleaf,https://www.ufseeds.com/product/broadleaf-sage-seeds/
Herbs,Sage,White,https://www.ufseeds.com/product/white-sage-seeds/
Vegetables,Artichoke,Green Globe,https://www.ufseeds.com/product/green-globe-artichoke-seeds-2/
Vegetables,Artichoke,Imperial Star,https://www.ufseeds.com/product/imperial-star-artichoke-seeds/
Vegetables,Artichoke,Wonder,https://www.ufseeds.com/product/wonder-artichoke-seeds/
Vegetables,Artichoke,Violet,https://www.ufseeds.com/product/violet-artichoke-seeds/
Vegetables,Artichoke,Purple Italian Globe,https://www.ufseeds.com/product/purple-italian-globe-artichoke-seeds/
Vegetables,Asparagus,Purple Passion,https://www.ufseeds.com/product/purple-passion-asparagus-seeds/
Vegetables,Asparagus,Mary Washington,https://www.ufseeds.com/product/mary-washington-asparagus/
Vegetables,Asparagus,Jersey Knight,https://www.ufseeds.com/product/jersey-knight-asparagus-seeds/
Vegetables,Asparagus,Popular Mix,https://www.ufseeds.com/product/asparagus-root-mix/
Vegetables,Asparagus,Jersey Giant,https://www.ufseeds.com/product/jersey-giant-asparagus-seeds/
Vegetables,Asparagus,UC157 F2,https://www.ufseeds.com/product/uc157-f2-asparagus-seeds/
Vegetables,Asparagus,Mary Washington,https://www.ufseeds.com/product/mary-washington-asparagus-roots/
Vegetables,Asparagus,Jersey Knight,https://www.ufseeds.com/product/jersey-knight-asparagus-roots/
Vegetables,Asparagus,Jersey Giant,https://www.ufseeds.com/product/jersey-giant-asparagus-roots/
Vegetables,Asparagus,Purple Passion,https://www.ufseeds.com/product/purple-passion-asparagus-roots/
Vegetables,Asparagus,Apollo,https://www.ufseeds.com/product/apollo-f1-asparagus-seeds/
Vegetables,Beans,Blue Lake FM-1K Pole,https://www.ufseeds.com/product/blue-lake-fm-1k-pole-bean-seeds/
Vegetables,Beans,Landreth Stringless,https://www.ufseeds.com/product/blue-lake-bush-bean-seeds-2/
Vegetables,Beans,Provider,https://www.ufseeds.com/product/provider-bean-seeds/
Vegetables,Beans,Garbanzo,https://www.ufseeds.com/product/garbanzo-bean-seeds/
Vegetables,Beans,Roma II,https://www.ufseeds.com/product/roma-ii-bush-bean-seeds/
Vegetables,Beans,Rattlesnake,https://www.ufseeds.com/product/rattlesnake-bean-seeds/
Vegetables,Beans,Pencil Pod Black Wax,https://www.ufseeds.com/product/pencil-pod-black-wax-bean/
Vegetables,Beans,Slenderette,https://www.ufseeds.com/product/slenderette-bean-seeds/
Vegetables,Beans,Scarlet Runner,https://www.ufseeds.com/product/scarlet-runner-bean-seeds/
Vegetables,Beans,Strike,https://www.ufseeds.com/product/strike-bean-seeds/
Vegetables,Beans,Taylor Dwarf Horticultural,https://www.ufseeds.com/product/taylor-dwarf-bean-seeds/
Vegetables,Beans,Royal Burgundy,https://www.ufseeds.com/product/royal-burgundy-bean-seeds/
Vegetables,Beans,Vermont Cranberry Shell,https://www.ufseeds.com/product/vermont-cranberry-shell-bean-seeds/
Vegetables,Beans,French Horticultural Shell,https://www.ufseeds.com/product/french-horticultural-bean-seeds/
Vegetables,Beans,Tongue of Fire,https://www.ufseeds.com/product/tongue-of-fire-bean-seeds/
Vegetables,Beans,Great Northern,https://www.ufseeds.com/product/great-northern-bean-seeds/
Vegetables,Beans,Contender,https://www.ufseeds.com/product/contender-bean-seeds/
Vegetables,Beans,Blue Lake 274 Bush,https://www.ufseeds.com/product/blue-lake-bush-bean-seeds/
Vegetables,Beans,Kentucky Wonder,https://www.ufseeds.com/product/kentucky-wonder-pole-bean-seeds/
Vegetables,Beans,Harvester,https://www.ufseeds.com/product/havester-beans/
Vegetables,Beans,Colorful Garden Blend,https://www.ufseeds.com/product/colorful-garden-blend-bean-seeds/
Vegetables,Beans,Broad Windsor Fava,https://www.ufseeds.com/product/broad-windsor-fava-bean-seeds/
Vegetables,Beans,Midori Giant,https://www.ufseeds.com/product/midori-giant-edamame-seeds/
Vegetables,Beans,Pinto,https://www.ufseeds.com/product/pinto-bean-seeds/
Vegetables,Beets,Detroit Dark Red,https://www.ufseeds.com/product/detroit-dark-red-beet-seeds/
Vegetables,Beets,Bulls Blood,https://www.ufseeds.com/product/bulls-blood-beet-seeds/
Vegetables,Beets,Golden Detroit,https://www.ufseeds.com/product/golden-detroit-beet-seeds/
Vegetables,Beets,Ruby Queen,https://www.ufseeds.com/product/ruby-queen-beet-seeds/
Vegetables,Beets,Crosby Egyptian,https://www.ufseeds.com/product/crosby-egyptian-beet-seeds/
Vegetables,Beets,Early Wonder,https://www.ufseeds.com/product/early-wonder-beet-seeds/
Vegetables,Beets,Cylindra,https://www.ufseeds.com/product/cylindra-beet-seeds/
Vegetables,Beets,Chioggia,https://www.ufseeds.com/product/chioggia-beet-seeds/
Vegetables,Beets,Sugar,https://www.ufseeds.com/product/sugar-beet-seeds/
Vegetables,Beets,White Albino,https://www.ufseeds.com/product/white-albino-beet-seeds/
Vegetables,Broccoli,Green Sprouting Calabrese,https://www.ufseeds.com/product/green-sprouting-calabrese-broccoli/
Vegetables,Broccoli,Waltham 29,https://www.ufseeds.com/product/waltham-29-broccoli-seeds/
Vegetables,Broccoli,De Cicco,https://www.ufseeds.com/product/de-cicco-broccoli-seeds/
Vegetables,Broccoli,Premium Crop,https://www.ufseeds.com/product/premium-crop-broccoli-seeds/
Vegetables,Broccoli,Spring Raab,https://www.ufseeds.com/product/spring-raab-broccoli-seeds/
Vegetables,Broccoli,Aspabroc Baby,https://www.ufseeds.com/product/aspabroc-baby-broccoli-seeds/
Vegetables,Broccoli,Romanesco,https://www.ufseeds.com/product/romanesco-broccoli-seeds/
Vegetables,Broccoli,Early Purple Sprouting,https://www.ufseeds.com/product/early-purple-sprouting-broccoli-seeds/
Vegetables,Broccoli,Happy Rich Baby,https://www.ufseeds.com/product/happy-rich-baby-broccoli-seeds/
Vegetables,Broccoli,Fiesta,https://www.ufseeds.com/product/fiesta-broccoli-seeds/
Vegetables,Broccoli,Southern Comet,https://www.ufseeds.com/product/southern-comet-broccoli-seeds/
Vegetables,Broccoli,Green Emperor,https://www.ufseeds.com/product/green-emperor-broccoli-seeds/
Vegetables,Brussel Sprouts,Long Island,https://www.ufseeds.com/product/long-island-brussel-sprout-seeds/
Vegetables,Brussel Sprouts,Gustus,https://www.ufseeds.com/product/gustus-sprout-seeds/
Vegetables,Brussel Sprouts,Catskill,https://www.ufseeds.com/product/catskill-brussel-sprout-seeds/
Vegetables,Brussel Sprouts,Churchill,https://www.ufseeds.com/product/churchill-brussel-sprout-seeds/
Vegetables,Cabbage,White Stem,https://www.ufseeds.com/product/white-stem-bok-choy-seeds/
Vegetables,Cabbage,Early Round Dutch,https://www.ufseeds.com/product/early-round-dutch-cabbage-seeds/
Vegetables,Cabbage,Red Acre,https://www.ufseeds.com/product/red-acre-cabbage-seeds/
Vegetables,Cabbage,Savoy Perfection,https://www.ufseeds.com/product/savoy-perfection-cabbage-seeds/
Vegetables,Cabbage,Green Express,https://www.ufseeds.com/product/green-express-cabbage-seeds/
Vegetables,Cabbage,Danish Ballhead,https://www.ufseeds.com/product/danish-ballhead-cabbage-seeds/
Vegetables,Cabbage,Golden Acre,https://www.ufseeds.com/product/golden-acre-cabbage-seeds/
Vegetables,Cabbage,Brunswick,https://www.ufseeds.com/product/brunswick-cabbage-seeds/
Vegetables,Cabbage,Early Jersey Wakefield,https://www.ufseeds.com/product/early-jersey-wakefield-cabbage-seeds/
Vegetables,Cabbage,Michihili,https://www.ufseeds.com/product/michihili-cabbage-seeds/
Vegetables,Cabbage,All Seasons,https://www.ufseeds.com/product/all-seasons-cabbage-seeds/
Vegetables,Cabbage,Late Flat Dutch,https://www.ufseeds.com/product/late-flat-dutch-cabbage-seeds/
Vegetables,Cabbage,Copenhagen Market,https://www.ufseeds.com/product/copenhagen-market-cabbage-seeds/
Vegetables,Cabbage,Stonehead,https://www.ufseeds.com/product/stonehead-cabbage-seeds/
Vegetables,Cabbage,Red Express,https://www.ufseeds.com/product/red-express-cabbage-seeds/
Vegetables,Cabbage,Bravo,https://www.ufseeds.com/product/bravo-cabbage-seeds/
Vegetables,Cabbage,Blue Lagoon,https://www.ufseeds.com/product/blue-lagoon-cabbage-seeds/
Vegetables,Cabbage,Ip Ssam Hong,https://www.ufseeds.com/product/ip-ssam-hong-cabbage-seeds/
Vegetables,Carrot,Scarlet Nantes,https://www.ufseeds.com/product/scarlet-nantes-carrots/
Vegetables,Carrot,Parisian,https://www.ufseeds.com/product/parisian-carrot-seeds/
Vegetables,Carrot,Rainbow Mix,https://www.ufseeds.com/product/rainbow-mix-carrot-seeds/
Vegetables,Carrot,Cosmic Purple,https://www.ufseeds.com/product/cosmic-purple-carrot-seeds/
Vegetables,Carrot,Black Nebula,https://www.ufseeds.com/product/black-nebula-carrot-seeds/
Vegetables,Carrot,Culinary Blend,https://www.ufseeds.com/product/culinary-blend-carrot-seeds/
Vegetables,Carrot,Bambino,https://www.ufseeds.com/product/bambino-carrot-seeds/
Vegetables,Carrot,Thumbelina,https://www.ufseeds.com/product/thumbelina-carrot-seeds/
Vegetables,Carrot,Imperator 58,https://www.ufseeds.com/product/imperator-58-carrot-seeds/
Vegetables,Carrot,Atomic Red,https://www.ufseeds.com/product/atomic-red-carrot-seeds/
Vegetables,Carrot,Danver 126,https://www.ufseeds.com/product/danver-126-carrot-seeds/
Vegetables,Carrot,Little Finger,https://www.ufseeds.com/product/little-finger-carrot-seeds/
Vegetables,Carrot,Napoli,https://www.ufseeds.com/product/napoli-carrot-seeds/
Vegetables,Carrot,Chantenay Red Core,https://www.ufseeds.com/product/chantenay-red-core-carrot-seeds/
Vegetables,Carrot,Kuroda Shin,https://www.ufseeds.com/product/kuroda-shin-carrot-seeds/
Vegetables,Carrot,Lunar White,https://www.ufseeds.com/product/lunar-white-carrot-seeds/
Vegetables,Carrot,Fancy Nantes,https://www.ufseeds.com/product/fancy-nantes-carrot-seeds/
Vegetables,Cauliflower,Amazing,https://www.ufseeds.com/product/amazing-cauliflower-seeds/
Vegetables,Cauliflower,Snowball Y Improved,https://www.ufseeds.com/product/snowball-y-improved-cauliflower-seeds/
Vegetables,Cauliflower,Colorful Mix,https://www.ufseeds.com/product/colorful-mix-cauliflower-seeds/
Vegetables,Cauliflower,Self Blanching,https://www.ufseeds.com/product/self-blanching-cauliflower-seeds/
Vegetables,Cauliflower,Vitaverde,https://www.ufseeds.com/product/vitaverde-cauliflower-seeds/
Vegetables,Cauliflower,Orange Dream,https://www.ufseeds.com/product/orange-dream-cauliflower-seeds/
Vegetables,Cauliflower,Graffiti,https://www.ufseeds.com/product/graffiti-cauliflower-seeds/
Vegetables,Cauliflower,Cheddar,https://www.ufseeds.com/product/cheddar-cauliflower-seeds/
Vegetables,Celery,Tall Utah 52-70,https://www.ufseeds.com/product/tall-utah-52-70-celery-seeds/
Vegetables,Celery,Golden Pascal,https://www.ufseeds.com/product/golden-pascal-celery-seeds/
Vegetables,Celery,Giant Red,https://www.ufseeds.com/product/giant-red-celery-seeds/
Vegetables,Celery,Tango,https://www.ufseeds.com/product/tango-celery-seeds/
Vegetables,Celery,Brilliant,https://www.ufseeds.com/product/brilliant-celeriac-seeds/
Vegetables,Celery,Peppermint Stick,https://www.ufseeds.com/product/peppermint-stick-celery-seeds/
Vegetables,Chard,Bright Lights,https://www.ufseeds.com/product/bright-lights-swiss-chard-seeds/
Vegetables,Chard,Barese,https://www.ufseeds.com/product/barese-swiss-chard-seed/
Vegetables,Chard,Ruby Red,https://www.ufseeds.com/product/ruby-red-swiss-chard-seeds/
Vegetables,Chard,Fordhook Giant,https://www.ufseeds.com/product/fordhook-giant-swiss-chard-seeds/
Vegetables,Chard,Lucullus,https://www.ufseeds.com/product/lucullus-swiss-chard-seeds/
Vegetables,Chard,Orange Fantasia,https://www.ufseeds.com/product/orange-fantasia-swiss-chard-seeds/
Vegetables,Chard,Large White Ribbed,https://www.ufseeds.com/product/large-white-ribbed-swiss-chard-seeds/
Vegetables,Collard,Champion,https://www.ufseeds.com/product/champion-collard-seeds/
Vegetables,Collard,Georgia Southern,https://www.ufseeds.com/product/georgia-southern-collard-seeds/
Vegetables,Collard,Vates,https://www.ufseeds.com/product/vates-collard-seeds/
Vegetables,Corn,Peaches and Cream,https://www.ufseeds.com/product/peaches-and-cream-corn-seed/
Vegetables,Corn,Incredible,https://www.ufseeds.com/product/incredible-corn-seed/
Vegetables,Corn,Butter and Sugar,https://www.ufseeds.com/product/butter-and-sugar-corn-seed/
Vegetables,Corn,Sweet G90,https://www.ufseeds.com/product/sweet-g90-corn-seed/
Vegetables,Corn,Red Husk Spectrum,https://www.ufseeds.com/product/red-husk-spectrum-corn-seed/
Vegetables,Corn,Ambrosia,https://www.ufseeds.com/product/ambrosia-corn-seed/
Vegetables,Corn,Early Golden Bantam,https://www.ufseeds.com/product/early-golden-bantam-corn-seed/
Vegetables,Corn,Hickory King White,https://www.ufseeds.com/product/hickory-king-white-corn-seed/
Vegetables,Corn,Silver Queen,https://www.ufseeds.com/product/silver-queen-corn-seed/
Vegetables,Corn,Honey Select Sweet,https://www.ufseeds.com/product/honey-select-sweet-corn-seed/
Vegetables,Corn,Bloody Butcher,https://www.ufseeds.com/product/bloody-butcher-corn-seed/
Vegetables,Corn,Obsession,https://www.ufseeds.com/product/obesession-corn-seed/
Vegetables,Corn,Devotion,https://www.ufseeds.com/product/devotion-corn-seed/
Vegetables,Corn,Quickie,https://www.ufseeds.com/product/quickie-corn-seed/
Vegetables,Corn,Serendipity,https://www.ufseeds.com/product/serendipity-corn-seed/
Vegetables,Corn,Reid's Yellow Dent,https://www.ufseeds.com/product/reids-yellow-dent-corn-seed/
Vegetables,Corn,Truckers Favorite Yellow,https://www.ufseeds.com/product/truckers-favorite-yellow-corn-seed/
Vegetables,Corn,Broom Blend,https://www.ufseeds.com/product/broom-blend-corn-seed/
Vegetables,Corn,Providence,https://www.ufseeds.com/product/providence-corn-seed/
Vegetables,Corn,Kandy Korn,https://www.ufseeds.com/product/kandy-korn-corn-seed/
Vegetables,Corn,Wampum,https://www.ufseeds.com/product/wampum-corn-seed/
Vegetables,Corn,Rio Grande Blue,https://www.ufseeds.com/product/rio-grande-blue-corn-seed/
Vegetables,Corn,Japanese Hulless,https://www.ufseeds.com/product/japanese-hulless-corn-seed/
Vegetables,Corn,Strawberry Popcorn,https://www.ufseeds.com/product/strawberry-popcorn-seed/
Vegetables,Cucumber,Burpless Bush Slicer,https://www.ufseeds.com/product/burpless-bush-slicer-cucumber-seeds/
Vegetables,Cucumber,Boston Pickling,https://www.ufseeds.com/product/boston-pickling-cucumber-seeds/
Vegetables,Cucumber,Green Finger,https://www.ufseeds.com/product/green-finger-cucumber-seeds/
Vegetables,Cucumber,Brown Russian,https://www.ufseeds.com/product/brown-russian-cucumber-seeds/
Vegetables,Cucumber,Spacemaster 80,https://www.ufseeds.com/product/spacemaster-80-cucumber-seeds/
Vegetables,Cucumber,Manny,https://www.ufseeds.com/product/manny-cucumber-seeds/
Vegetables,Cucumber,Straight Eight,https://www.ufseeds.com/product/straight-eight-cucumber-seeds/
Vegetables,Cucumber,Double Yield,https://www.ufseeds.com/product/double-yield-cucumber-seeds/
Vegetables,Cucumber,Homemade Pickles,https://www.ufseeds.com/product/homemade-pickles-cucumber-seeds/
Vegetables,Cucumber,Amiga Beit Alpha,https://www.ufseeds.com/product/amiga-beit-alpha-cucumber-seeds/
Vegetables,Cucumber,Tasty Green,https://www.ufseeds.com/product/tasty-green-hybrid-cucumber-seeds/
Vegetables,Cucumber,Lemon,https://www.ufseeds.com/product/lemon-cucumber-seeds/
Vegetables,Cucumber,Carolina,https://www.ufseeds.com/product/carolina-cucumber-seeds/
Vegetables,Cucumber,Pioneer,https://www.ufseeds.com/product/pioneer-cucumber-seeds/
Vegetables,Cucumber,Mexican Sour Gherkin,https://www.ufseeds.com/product/mexican-sour-gherkin-cucumber-seeds/
Vegetables,Cucumber,Marketmore 76,https://www.ufseeds.com/product/marketmore-76-cucumber-seeds/
Vegetables,Cucumber,Ashley,https://www.ufseeds.com/product/ashley-cucumber-seeds/
Vegetables,Cucumber,Muncher,https://www.ufseeds.com/product/muncher-cucumber-seeds/
Vegetables,Cucumber,Pale Armenian,https://www.ufseeds.com/product/pale-armenian-cucumber-seeds/
Vegetables,Cucumber,Calypso,https://www.ufseeds.com/product/calypso-cucumber-seeds/
Vegetables,Cucumber,Marketer,https://www.ufseeds.com/product/marketer-cucumber-seeds/
Vegetables,Cucumber,SMR 58,https://www.ufseeds.com/product/smr-58-cucumber-seeds/
Vegetables,Cucumber,Suyo Long,https://www.ufseeds.com/product/suyo-long-cucumber-seeds/
Vegetables,Cucumber,White Wonder,https://www.ufseeds.com/product/white-wonder-cucumber-seeds/
Vegetables,Eggplant,Black Beauty,https://www.ufseeds.com/product/black-beauty-eggplant-seeds/
Vegetables,Eggplant,Prosperosa,https://www.ufseeds.com/product/prosperosa-eggplant-seeds/
Vegetables,Eggplant,Bride,https://www.ufseeds.com/product/bride-eggplant-seeds/
Vegetables,Eggplant,Little Finger,https://www.ufseeds.com/product/little-finger-eggplant-seeds/
Vegetables,Eggplant,Orient Express,https://www.ufseeds.com/product/orient-express-eggplant-seeds/
Vegetables,Eggplant,Piccolo,https://www.ufseeds.com/product/piccolo-eggplant-seeds/
Vegetables,Eggplant,Florida Market High Bush,https://www.ufseeds.com/product/florida-market-high-bush-eggplant-seeds/
Vegetables,Eggplant,Rosa Bianca,https://www.ufseeds.com/product/rosa-bianca-eggplant-seeds/
Vegetables,Eggplant,Long Purple,https://www.ufseeds.com/product/long-purple-eggplant-seeds/
Vegetables,Eggplant,Turkish Orange,https://www.ufseeds.com/product/turkish-orange-eggplant-seeds/
Vegetables,Eggplant,Casper,https://www.ufseeds.com/product/casper-eggplant-seeds/
Vegetables,Garlic,California Early,https://www.ufseeds.com/product/california-early-garlic/
Vegetables,Garlic,Elephant,https://www.ufseeds.com/product/elephant-garlic-bulbs/
Vegetables,Garlic,Chesnok Red,https://www.ufseeds.com/product/chesnok-red-garlic-bulbs/
Vegetables,Garlic,Music,https://www.ufseeds.com/product/music-garlic-bulbs/
Vegetables,Garlic,Italian Red,https://www.ufseeds.com/product/italian-purple-garlic/
Vegetables,Garlic,Spanish Roja,https://www.ufseeds.com/product/spanish-roja-garlic-bulbs/
Vegetables,Garlic,German Giant,https://www.ufseeds.com/product/german-giant-garlic-bulbs/
Vegetables,Garlic,Collection Mix,https://www.ufseeds.com/product/garlic-bulb-collection/
Vegetables,Garlic,German White,https://www.ufseeds.com/product/german-porcelain-garlic-bulbs/
Vegetables,Garlic,Purple Glazer,https://www.ufseeds.com/product/purple-glazer-garlic-bulbs/
Vegetables,Garlic,Siberian,https://www.ufseeds.com/product/siberian-garlic-bulbs/
Vegetables,Garlic,Georgian Fire,https://www.ufseeds.com/product/georgian-fire-garlic-bulbs/
Vegetables,Garlic,Red Toch,https://www.ufseeds.com/product/red-toch-garlic-bulbs/
Vegetables,Garlic,Amish Rocambole,https://www.ufseeds.com/product/amish-rocambole-garlic-bulbs/
Vegetables,Garlic,Mild French,https://www.ufseeds.com/product/mild-french-garlic-bulbs/
Vegetables,Garlic,Nootka Rose,https://www.ufseeds.com/product/nootka-rose-garlic-bulbs/
Vegetables,Garlic,Ajo Rojo,https://www.ufseeds.com/product/ajo-rojo-garlic-bulbs/
Vegetables,Kale,Blue Curled Scotch,https://www.ufseeds.com/product/blue-curled-scotch-kale-seeds/
Vegetables,Kale,Lacinato,https://www.ufseeds.com/product/lacinato-kale-seeds/
Vegetables,Kale,Red Russian,https://www.ufseeds.com/product/red-russian-kale-seeds/
Vegetables,Kale,Premier,https://www.ufseeds.com/product/premier-kale-seeds/
Vegetables,Kale,Dwarf Siberian,https://www.ufseeds.com/product/dwarf-siberian-kale-seeds/
Vegetables,Leek,King Richard,https://www.ufseeds.com/product/king-richard-leek-seeds/
Vegetables,Leek,Large American Flag,https://www.ufseeds.com/product/large-american-flag-leek-seeds/
Vegetables,Lettuce,Buttercrunch,https://www.ufseeds.com/product/buttercrunch-lettuce-seeds/
Vegetables,Lettuce,All The Year Round,https://www.ufseeds.com/product/all-the-year-round-lettuce-seeds/
Vegetables,Lettuce,Garden Leaf Blend,https://www.ufseeds.com/product/garden-leaf-blend-lettuce-seeds/
Vegetables,Lettuce,Dwarf Romaine,https://www.ufseeds.com/product/dwarf-romaine-lettuce-seeds/
Vegetables,Lettuce,Romaine Trio Blend,https://www.ufseeds.com/product/romaine-trio-blend-lettuce-seeds/
Vegetables,Lettuce,Parris Island Cos,https://www.ufseeds.com/product/parris-island-cos-lettuce-seeds/
Vegetables,Lettuce,Vivian,https://www.ufseeds.com/product/vivian-lettuce-seeds/
Vegetables,Lettuce,Bistro Blend,https://www.ufseeds.com/product/bistro-blend-lettuce-seeds/
Vegetables,Lettuce,Mesclun Salad Mix,https://www.ufseeds.com/product/mesclun-salad-mix-seeds/
Vegetables,Lettuce,Spicy Salad Blend,https://www.ufseeds.com/product/spicy-salad-blend-lettuce-seeds/
Vegetables,Lettuce,Braising Mix Blend,https://www.ufseeds.com/product/braising-mix-blend-lettuce-seeds/
Vegetables,Lettuce,Bibb,https://www.ufseeds.com/product/bibb-lettuce-seeds/
Vegetables,Lettuce,Butter King,https://www.ufseeds.com/product/butter-king-lettuce-seeds/
Vegetables,Lettuce,Iceberg,https://www.ufseeds.com/product/iceberg-lettuce-seeds/
Vegetables,Lettuce,Carmona Red,https://www.ufseeds.com/product/carmona-red-lettuce-seeds/
Vegetables,Lettuce,Chrystal Batavian,https://www.ufseeds.com/product/chrystal-batavian-lettuce-seeds/
Vegetables,Lettuce,Black Seeded Simpson,https://www.ufseeds.com/product/black-seeded-simpson-lettuce-seeds/
Vegetables,Lettuce,Green Ice,https://www.ufseeds.com/product/green-ice-lettuce-seeds/
Vegetables,Lettuce,Red Romaine,https://www.ufseeds.com/product/red-romaine-lettuce-seeds/
Vegetables,Lettuce,Winter Density,https://www.ufseeds.com/product/winter-density-lettuce-seeds/
Vegetables,Lettuce,Jericho,https://www.ufseeds.com/product/jericho-lettuce-seeds/
Vegetables,Lettuce,Tom Thumb,https://www.ufseeds.com/product/tom-thumb-lettuce-seeds/
Vegetables,Lettuce,Ruby Red,https://www.ufseeds.com/product/ruby-red-lettuce-seeds/
Vegetables,Lettuce,Merlot,https://www.ufseeds.com/product/merlot-lettuce-seeds/
Vegetables,Melon,Hales Best Jumbo,https://www.ufseeds.com/product/hales-best-jumbo-melon/
Vegetables,Melon,Honey Rock,https://www.ufseeds.com/product/honey-rock-melon-seeds/
Vegetables,Melon,Honeydew Green Flesh,https://www.ufseeds.com/product/honeydew-green-flesh-melon-seeds/
Vegetables,Melon,Minnesota Midget,https://www.ufseeds.com/product/minnesota-midget-melon-seeds/
Vegetables,Melon,Delicious 51,https://www.ufseeds.com/product/delicious-51-melon-seeds/
Vegetables,Melon,Planters Jumbo,https://www.ufseeds.com/product/planters-jumbo-melon-seeds/
Vegetables,Melon,Charentais,https://www.ufseeds.com/product/charentais-cantaloupe-seeds/
Vegetables,Melon,Ambrosia Hybrid,https://www.ufseeds.com/product/ambrosia-hybrid-melon-seeds/
Vegetables,Melon,Emerald Green Gem,https://www.ufseeds.com/product/emerald-green-gem-melon-seeds/
Vegetables,Melon,Sakatas Sweet,https://www.ufseeds.com/product/sakatas-sweet-melon-seeds/
Vegetables,Melon,Tuscany,https://www.ufseeds.com/product/tuscany-melon-seeds/
Vegetables,Melon,Piel De Sapo,https://www.ufseeds.com/product/piel-de-sapo-melon-seeds/
Vegetables,Melon,Edisto 47,https://www.ufseeds.com/product/edisto-47-cantaloupe-seeds/
Vegetables,Melon,Rocky Ford Green Flesh,https://www.ufseeds.com/product/rocky-ford-green-flesh-melon-seeds/
Vegetables,Melon,Tasty Bites,https://www.ufseeds.com/product/tasty-bites-cantaloupe-seeds/
Vegetables,Melon,Banana,https://www.ufseeds.com/product/banana-melon-seeds/
Vegetables,Melon,Honeydew Orange Flesh,https://www.ufseeds.com/product/honeydew-orange-flesh-melon-seeds/
Vegetables,Melon,Crenshaw,https://www.ufseeds.com/product/crenshaw-cantaloupe-seeds/
Vegetables,Melon,Bidwell Casaba,https://www.ufseeds.com/product/bidwell-casaba-melon-seeds/
Vegetables,Melon,Golden Beauty Casaba,https://www.ufseeds.com/product/casaba-melon-seeds/
Vegetables,Melon,Hearts of Gold,https://www.ufseeds.com/product/hearts-of-gold-melon-seeds/
Vegetables,Okra,Clemson Spineless 80,https://www.ufseeds.com/product/clemson-spineless-okra-seeds/
Vegetables,Okra,Emerald,https://www.ufseeds.com/product/emerald-okra-seeds/
Vegetables,Okra,Jambalaya,https://www.ufseeds.com/product/jambalaya-okra-seeds/
Vegetables,Okra,Red Burgundy,https://www.ufseeds.com/product/red-burgundy-okra-seeds/
Vegetables,Okra,Perkins Long Pod,https://www.ufseeds.com/product/perkins-long-pod-okra-seeds/
Vegetables,Okra,Cow Horn,https://www.ufseeds.com/product/cow-horn-okra-seeds/
Vegetables,Okra,Rainbow Fiesta,https://www.ufseeds.com/product/rainbow-fiesta-okra-seeds/
Vegetables,Okra,Star of David,https://www.ufseeds.com/product/star-of-david-okra-seed/
Vegetables,Onion,Tokyo Long Bunching,https://www.ufseeds.com/product/tokyo-long-bunching-onion-seeds/
Vegetables,Onion,White Sweet Spanish,https://www.ufseeds.com/product/white-sweet-spanish-onion-seeds/
Vegetables,Onion,Candy,https://www.ufseeds.com/product/candy-onion-seeds/
Vegetables,Onion,Red Creole,https://www.ufseeds.com/product/red-creole-onion-seeds/
Vegetables,Onion,Walla Walla Sweet,https://www.ufseeds.com/product/walla-walla-onion-seeds/
Vegetables,Onion,Texas Early Grano 502 PRR,https://www.ufseeds.com/product/texas-early-grano-502-prr-onion-seeds/
Vegetables,Onion,Nebuka Evergreen Bunching,https://www.ufseeds.com/product/nebuka-evergreen-bunching-onion-seeds/
Vegetables,Onion,Cipollini Yellow,https://www.ufseeds.com/product/cipollini-yellow-onion-seeds/
Vegetables,Onion,Ruby,https://www.ufseeds.com/product/ruby-onion-seeds/
Vegetables,Onion,Yellow Sweet Spanish,https://www.ufseeds.com/product/yellow-sweet-spanish-onion-seeds/
Vegetables,Onion,Sweet Oversize,https://www.ufseeds.com/product/sweet-oversize-onion-sets/
Vegetables,Onion,Red Karmen,https://www.ufseeds.com/product/red-karmen-onion-sets/
Vegetables,Onion,Stuttgarter Yellow,https://www.ufseeds.com/product/stuttgarter-yellow-onion-sets/
Vegetables,Onion,Ailsa Craig Exhibition,https://www.ufseeds.com/product/ailsa-craig-exhibition-onion-seeds/
Vegetables,Onion,Red Grano,https://www.ufseeds.com/product/red-grano-onion-seeds/
Vegetables,Onion,Snowball White,https://www.ufseeds.com/product/snowball-white-onion-sets/
Vegetables,Peanut,Tennessee Red Valencia,https://www.ufseeds.com/product/tennessee-red-valencia-peanut-seeds/
Vegetables,Peanut,Jumbo,https://www.ufseeds.com/product/jumbo-peanut-seeds/
Vegetables,Peanut,Spanish,https://www.ufseeds.com/product/spanish-peanut-seeds/
Vegetables,Peanut,Wild Jungle,https://www.ufseeds.com/product/wild-jungle-peanut-seeds/
Vegetables,Peas,Dwarf Grey Sugar,https://www.ufseeds.com/product/dwarf-grey-sugar-pea-seeds/
Vegetables,Peas,Sugar Ann,https://www.ufseeds.com/product/sugar-ann-pea-seeds/
Vegetables,Peas,Sugar Snap,https://www.ufseeds.com/product/sugar-snap-pea-seeds/
Vegetables,Peas,Sugar Sprint,https://www.ufseeds.com/product/sugar-sprint-pea-seeds/
Vegetables,Peas,Alaska,https://www.ufseeds.com/product/alaska-pea-seeds/
Vegetables,Peas,Oregon Sugar Pod II,https://www.ufseeds.com/product/oregon-sugar-pod-pea-seeds/
Vegetables,Peas,Green Arrow,https://www.ufseeds.com/product/green-arrow-pea-seeds/
Vegetables,Peas,Blue Shelling,https://www.ufseeds.com/product/blue-shelling-pea-seeds/
Vegetables,Peas,Alderman,https://www.ufseeds.com/product/alderman-pea-seeds/
Vegetables,Peas,Super Sugar,https://www.ufseeds.com/product/sugar-daddy-pea-seeds/
Vegetables,Peas,Little Marvel,https://www.ufseeds.com/product/little-marvel-pea-seeds/
Vegetables,Peas,Spring,https://www.ufseeds.com/product/spring-pea-seeds/
Vegetables,Peas,Oregon Giant,https://www.ufseeds.com/product/oregon-giant-pea-seeds/
Vegetables,Peas,Tom Thumb,https://www.ufseeds.com/product/tom-thumb-pea-seeds/
Vegetables,Peas,Cascadia,https://www.ufseeds.com/product/cascadia-pea-seeds/
Vegetables,Peas,Wando,https://www.ufseeds.com/product/wando-pea-seeds/
Vegetables,Peas,Thomas Laxton,https://www.ufseeds.com/product/thomas-laxton-pea-seeds/
Vegetables,Peas,Knight,https://www.ufseeds.com/product/knight-pea-seeds/
Vegetables,Peas,Early Frosty,https://www.ufseeds.com/product/lincoln-pea-seeds-2/
Vegetables,Peas,Lincoln,https://www.ufseeds.com/product/lincoln-pea-seeds/
Vegetables,Peppers,California Wonder,https://www.ufseeds.com/product/california-wonder-pepper-seeds/
Vegetables,Peppers,Early Jalapeno,https://www.ufseeds.com/product/early-jalapeno-pepper-seeds/
Vegetables,Peppers,Karma,https://www.ufseeds.com/product/karma-pepper-seeds/
Vegetables,Peppers,Carolina Reaper,https://www.ufseeds.com/product/carolina-reaper-pepper-seeds/
Vegetables,Peppers,Ghost Mix,https://www.ufseeds.com/product/ghost-pepper-mix-seeds/
Vegetables,Peppers,Sweet Banana,https://www.ufseeds.com/product/sweet-banana-pepper-seeds/
Vegetables,Peppers,Rainbow Blend Bell,https://www.ufseeds.com/product/rainbow-blend-pepper-seeds/
Vegetables,Peppers,Jalapeno M,https://www.ufseeds.com/product/jalapeno-m-pepper-seeds/
Vegetables,Peppers,Trinidad Scorpion Butch T,https://www.ufseeds.com/product/trinidad-scorpion-butch-t-pepper-seeds/
Vegetables,Peppers,Whopper,https://www.ufseeds.com/product/whopper-pepper-seeds/
Vegetables,Peppers,Chile de Arbol,https://www.ufseeds.com/product/chile-de-arbol-pepper-seeds/
Vegetables,Peppers,Ancho,https://www.ufseeds.com/product/ancho-pepper-seeds/
Vegetables,Peppers,Petite Mix Bell,https://www.ufseeds.com/product/petite-mix-bell-pepper-seeds/
Vegetables,Peppers,Guajillo,https://www.ufseeds.com/product/guajillo-pepper-seeds/
Vegetables,Peppers,Anaheim Chili,https://www.ufseeds.com/product/anaheim-chili-pepper-seeds/
Vegetables,Peppers,Cayenne Long Red Slim,https://www.ufseeds.com/product/cayenne-long-red-slim-pepper-seeds/
Vegetables,Peppers,Salsa,https://www.ufseeds.com/product/salsa-pepper-seeds/
Vegetables,Peppers,Hot and Happy Mix,https://www.ufseeds.com/product/hot-and-happy-mix-pepper-seeds/
Vegetables,Peppers,Golden Cal Wonder,https://www.ufseeds.com/product/golden-cal-wonder-pepper-seeds/
Vegetables,Peppers,Tabasco,https://www.ufseeds.com/product/tabasco-pepper-seeds/
Vegetables,Peppers,Serrano,https://www.ufseeds.com/product/serrano-pepper-seeds/
Vegetables,Peppers,Devil's Tongue,https://www.ufseeds.com/product/devils-tongue-pepper-seeds/
Vegetables,Peppers,Chocolate Habanero,https://www.ufseeds.com/product/chocolate-habanero-pepper-seeds/
Vegetables,Peppers,7 Pot Douglah,https://www.ufseeds.com/product/7-pot-douglah-pepper-seeds/
Vegetables,Potatoes,Yukon Gold,https://www.ufseeds.com/product/yukon-gold-seed-potatoes/
Vegetables,Potatoes,Beauregard,https://www.ufseeds.com/product/beauregard-sweet-potato-plant-sl/
Vegetables,Potatoes,Red Pontiac,https://www.ufseeds.com/product/red-pontiac-seed-potatoes/
Vegetables,Potatoes,Georgia Jets,https://www.ufseeds.com/product/georgia-jets-sweet-potato-slips/
Vegetables,Potatoes,Kennebec,https://www.ufseeds.com/product/kennebec-seed-potatoes/
Vegetables,Potatoes,Magic Molly,https://www.ufseeds.com/product/magic-molly-seed-potatoes-certified/
Vegetables,Potatoes,Murasaki Purple,https://www.ufseeds.com/product/murasaki-purple-sweet-potato-slips/
Vegetables,Potatoes,Russet Burbank,https://www.ufseeds.com/product/russet-burbank-seed-potatoes/
Vegetables,Potatoes,All Purple,https://www.ufseeds.com/product/all-blue-seed-potatoes/
Vegetables,Potatoes,Irish Cobbler,https://www.ufseeds.com/product/irish-cobbler-seed-potatoes/
Vegetables,Potatoes,German Butterball,https://www.ufseeds.com/product/german-butterball-seed-potatoes/
Vegetables,Potatoes,Banana Fingerling,https://www.ufseeds.com/product/banana-fingerling-seed-potatoes-certified/
Vegetables,Potatoes,Color Mix,https://www.ufseeds.com/product/color-mix-seed-potatoes/
Vegetables,Potatoes,Red Norland,https://www.ufseeds.com/product/red-norland-seed-potatoes/
Vegetables,Potatoes,French Fingerling,https://www.ufseeds.com/product/french-fingerling-seed-potatoes/
Vegetables,Potatoes,Standard Mix,https://www.ufseeds.com/product/standard-mix-seed-potatoes/
Vegetables,Potatoes,White Yam,https://www.ufseeds.com/product/white-yam-plant-slips/
Vegetables,Potatoes,All Red,https://www.ufseeds.com/product/all-red-seed-potatoes/
Vegetables,Potatoes,Sweet Potato Mix,https://www.ufseeds.com/product/sweet-potato-mix/
Vegetables,Potatoes,Pinto Gold,https://www.ufseeds.com/product/pinto-gold-seed-potatoes/
Vegetables,Potatoes,La Soda,https://www.ufseeds.com/product/la-soda-seed-potatoes/
Vegetables,Potatoes,Centennial,https://www.ufseeds.com/product/centennial-sweet-potato-slips/
Vegetables,Potatoes,Yellow Finn,https://www.ufseeds.com/product/yellow-finn-seed-potatoes/
Vegetables,Potatoes,Red Gold,https://www.ufseeds.com/product/red-gold-seed-potatoes/
Vegetables,Pumpkin,Halloween,https://www.ufseeds.com/product/halloween-pumpkin-seeds/
Vegetables,Pumpkin,Big Max,https://www.ufseeds.com/product/big-max-pumpkin-seeds/
Vegetables,Pumpkin,Mammoth Gold,https://www.ufseeds.com/product/mammoth-gold-pumpkin-seeds/
Vegetables,Pumpkin,Casper,https://www.ufseeds.com/product/casper-pumpkin-seeds/
Vegetables,Pumpkin,Small Sugar,https://www.ufseeds.com/product/small-sugar-pumpkin-seeds/
Vegetables,Pumpkin,Atlantic Giant,https://www.ufseeds.com/product/atlantic-giant-pumpkin-seeds/
Vegetables,Pumpkin,Ugly Duckling,https://www.ufseeds.com/product/mammoth-gold-pumpkin-seeds-2/
Vegetables,Pumpkin,Fairytale,https://www.ufseeds.com/product/fairytale-pumpkin-seeds/
Vegetables,Pumpkin,Connecticut Field,https://www.ufseeds.com/product/conneticut-field-pumpkin-seeds/
Vegetables,Pumpkin,Cinderella,https://www.ufseeds.com/product/cinderella-pumpkin-seeds/
Vegetables,Pumpkin,White Flat Boer Ford,https://www.ufseeds.com/product/white-flat-boer-ford-pumpkin-seeds/
Vegetables,Pumpkin,Howden,https://www.ufseeds.com/product/howden-pumpkin-seeds/
Vegetables,Pumpkin,Jack Be Little,https://www.ufseeds.com/product/jack-be-little-pumpkin-seeds/
Vegetables,Pumpkin,Spookie,https://www.ufseeds.com/product/spookie-pumpkin-seeds/
Vegetables,Pumpkin,Harvest King,https://www.ufseeds.com/product/harvest-king-pumpkin-seeds/
Vegetables,Pumpkin,First Prize,https://www.ufseeds.com/product/first-prize-pumpkin-seeds/
Vegetables,Pumpkin,Knuckle Head,https://www.ufseeds.com/product/knuckle-head-pumpkin-seeds/
Vegetables,Pumpkin,Hooligan,https://www.ufseeds.com/product/hooligan-pumpkin-seeds/
Vegetables,Radish,Cherry Belle,https://www.ufseeds.com/product/cherry-belle-radish-seeds/
Vegetables,Radish,Easter Egg,https://www.ufseeds.com/product/easter-egg-radish-seeds/
Vegetables,Radish,Watermelon,https://www.ufseeds.com/product/watermelon-radish-seeds/
Vegetables,Radish,Comet,https://www.ufseeds.com/product/comet-radish-seeds/
Vegetables,Radish,French Breakfast,https://www.ufseeds.com/product/french-breakfast-radish-seeds/
Vegetables,Radish,Purple Plum,https://www.ufseeds.com/product/purple-plum-radish-seeds/
Vegetables,Radish,Minowase Daikon,https://www.ufseeds.com/product/minowase-daikon-radish-seeds/
Vegetables,Radish,Black Spanish Round,https://www.ufseeds.com/product/black-spanish-round-radish-seeds/
Vegetables,Radish,White Icicle,https://www.ufseeds.com/product/white-icicle-radish-seeds/
Vegetables,Radish,Crimson,https://www.ufseeds.com/product/crimson-radish-seeds/
Vegetables,Radish,Champion,https://www.ufseeds.com/product/champion-radish-seeds/
Vegetables,Radish,Hailstone,https://www.ufseeds.com/product/hailstone-radish-seeds/
Vegetables,Radish,China Rose,https://www.ufseeds.com/product/china-rose-radish-seeds/
Vegetables,Radish,Early Scarlet Globe,https://www.ufseeds.com/product/early-scarlet-globe-radish-seeds/
Vegetables,Spinach,Noble Giant,https://www.ufseeds.com/product/noble-giant-spinach-seeds/
Vegetables,Spinach,Bloomsdale,https://www.ufseeds.com/product/bloomsdale-spinach-seeds/
Vegetables,Spinach,Viroflay,https://www.ufseeds.com/product/viroflay-spinach/
Vegetables,Spinach,Renegade,https://www.ufseeds.com/product/renegade-spinach-seeds/
Vegetables,Spinach,Red Kitten,https://www.ufseeds.com/product/red-kitten-spinach-seeds/
Vegetables,Spinach,Olympia,https://www.ufseeds.com/product/olympia-spinach-seeds/
Vegetables,Spinach,Malabar Red Stem,https://www.ufseeds.com/product/malabar-red-stem-spinach-seeds/
Vegetables,Spinach,New Zealand,https://www.ufseeds.com/product/new-zealand-spinach-seeds/
Vegetables,Squash,Early Prolific Straightneck,https://www.ufseeds.com/product/early-prolific-straightneck-squash-seeds/
Vegetables,Squash,Garden Spineless,https://www.ufseeds.com/product/garden-spineless-zucchini-seeds/
Vegetables,Squash,Black Beauty,https://www.ufseeds.com/product/black-beauty-zucchini-seeds/
Vegetables,Squash,Yellow Crookneck,https://www.ufseeds.com/product/yellow-crookneck-squash-seeds/
Vegetables,Squash,Waltham Butternut,https://www.ufseeds.com/product/waltham-butternut-squash-seeds/
Vegetables,Squash,Vegetable Spaghetti,https://www.ufseeds.com/product/vegetable-spaghetti-squash-seeds/
Vegetables,Squash,Table Queen Acorn,https://www.ufseeds.com/product/table-queen-acorn-squash-seeds/
Vegetables,Squash,Spineless Beauty,https://www.ufseeds.com/product/spineless-beauty-zucchini-seeds/
Vegetables,Squash,Little Dipper,https://www.ufseeds.com/product/early-butternut-squash-seeds-2/
Vegetables,Squash,Scallop Blend,https://www.ufseeds.com/product/scallop-blend-squash-seeds/
Vegetables,Squash,Early Butternut,https://www.ufseeds.com/product/early-butternut-squash-seeds/
Vegetables,Squash,Golden,https://www.ufseeds.com/product/golden-zucchini-seeds/
Vegetables,Squash,Dark Green,https://www.ufseeds.com/product/dark-green-zucchini-seeds/
Vegetables,Squash,Marrow Segev,https://www.ufseeds.com/product/marrow-degev-squash-seeds/
Vegetables,Squash,Delicata,https://www.ufseeds.com/product/delicata-squash-seeds/
Vegetables,Squash,Round,https://www.ufseeds.com/product/round-zucchini-seeds/
Vegetables,Squash,Red Kuri,https://www.ufseeds.com/product/red-kuri-squash-seeds/
Vegetables,Squash,Cocozelle,https://www.ufseeds.com/product/cocozelle-zucchini-seeds/
Vegetables,Squash,Tatume,https://www.ufseeds.com/product/tatume-squash-seeds/
Vegetables,Squash,Scallop Early White,https://www.ufseeds.com/product/scallop-early-white-squash-seeds/
Vegetables,Squash,Buttercup Burgess,https://www.ufseeds.com/product/buttercup-burgess-squash-seeds/
Vegetables,Squash,Yellow Bush Scallop,https://www.ufseeds.com/product/yellow-bush-scallop-squash-seeds/
Vegetables,Squash,Sweet Dumpling,https://www.ufseeds.com/product/sweet-dumpling-squash-seeds/
Vegetables,Squash,Golden Hubbard,https://www.ufseeds.com/product/golden-hubbard-squash-seeds/
Vegetables,Tomatoes,Sweet Million,https://www.ufseeds.com/product/sweet-million-tomato-seeds/
Vegetables,Tomatoes,Sweet Seedless,https://www.ufseeds.com/product/sweet-seedless-tomato-seeds/
Vegetables,Tomatoes,Supersweet 100,https://www.ufseeds.com/product/supersweet-100-tomato-seeds/
Vegetables,Tomatoes,Betty,https://www.ufseeds.com/product/betty-tomato-seeds/
Vegetables,Tomatoes,SunSugar,https://www.ufseeds.com/product/sunsugar-tomato-seeds/
Vegetables,Tomatoes,Beefmaster,https://www.ufseeds.com/product/beefmaster-tomato-seeds/
Vegetables,Tomatoes,Siberian,https://www.ufseeds.com/product/siberian-tomato-seeds/
Vegetables,Tomatoes,Sub Arctic Plenty,https://www.ufseeds.com/product/sub-arctic-plenty-tomato-seeds/
Vegetables,Tomatoes,Sun Gold,https://www.ufseeds.com/product/sun-gold-tomato-seeds/
Vegetables,Tomatoes,San Marzano,https://www.ufseeds.com/product/san-marzano-tomatoes/
Vegetables,Tomatoes,Trip-L-Crop,https://www.ufseeds.com/product/trip-l-crop-tomato-seeds/
Vegetables,Tomatoes,Rio Grande,https://www.ufseeds.com/product/rio-grandetomato-seeds/
Vegetables,Tomatoes,Red Zebra,https://www.ufseeds.com/product/red-zebra-tomato-seeds/
Vegetables,Tomatoes,Yellow Pear,https://www.ufseeds.com/product/yellow-pear-tomato-seeds/
Vegetables,Tomatoes,Taxi,https://www.ufseeds.com/product/taxi-tomato-seeds/
Vegetables,Tomatoes,Red Oxheart,https://www.ufseeds.com/product/red-oxheart-tomato-seeds/
Vegetables,Tomatoes,Vintage Wine,https://www.ufseeds.com/product/vintage-wine-tomato-seeds/
Vegetables,Tomatoes,Tropic VFN,https://www.ufseeds.com/product/tropic-tomato-seeds/
Vegetables,Tomatoes,Red Pear,https://www.ufseeds.com/product/red-pear-tomato-seeds/
Vegetables,Tomatoes,Bloody Butcher,https://www.ufseeds.com/product/bloody-butcher-tomato-seeds/
Vegetables,Tomatoes,Sunrise Bumble Bee,https://www.ufseeds.com/product/sunrise-bumble-bee-tomato-seeds/
Vegetables,Tomatoes,Yellow Oxheart,https://www.ufseeds.com/product/yellow-oxheart-tomato-seeds/
Vegetables,Tomatoes,Speckled Roman,https://www.ufseeds.com/product/speckled-roman-tomato-seeds/
Vegetables,Tomatoes,Tasty Evergreen,https://www.ufseeds.com/product/tasty-evergreen-tomato-seeds/
Vegetables,Turnip,Purple Top White Globe,https://www.ufseeds.com/product/purple-top-white-globe-turnip-seeds/
Vegetables,Turnip,Seven Top,https://www.ufseeds.com/product/seven-top-turnip-seeds/
Vegetables,Turnip,Golden Ball,https://www.ufseeds.com/product/golden-ball-turnip-seeds/
Vegetables,Watermelons,Sugar Baby,https://www.ufseeds.com/product/sugar-baby-watermelon-seeds/
Vegetables,Watermelons,All Sweet,https://www.ufseeds.com/product/all-sweet-watermelon-seeds/
Vegetables,Watermelons,Little Trip Seedless,https://www.ufseeds.com/product/little-trip-seedless-watermelon-seeds/
Vegetables,Watermelons,Yellow Crunch,https://www.ufseeds.com/product/yellow-crunch-watermelon-seeds/
Vegetables,Watermelons,Black Diamond,https://www.ufseeds.com/product/black-diamond-watermelon-seeds/
Vegetables,Watermelons,Dixie Queen,https://www.ufseeds.com/product/dixie-queen-watermelon-seeds/
Vegetables,Watermelons,Crimson Sweet,https://www.ufseeds.com/product/crimson-sweet-watermelon-seeds/
Vegetables,Watermelons,Sangria,https://www.ufseeds.com/product/sangria-watermelon-seeds/
Vegetables,Watermelons,Congo,https://www.ufseeds.com/product/congo-watermelon-seeds/
Vegetables,Watermelons,Charleston Grey,https://www.ufseeds.com/product/charleston-grey-watermelon-seeds/
Vegetables,Watermelons,Tendersweet Orange,https://www.ufseeds.com/product/tendersweet-orange-watermelon-seeds/
Vegetables,Watermelons,Triple Gold Seedless,https://www.ufseeds.com/product/triple-gold-seedless-watermelon-seeds/
Vegetables,Watermelons,Top Gun,https://www.ufseeds.com/product/top-gun-watermelon-seeds/
Vegetables,Watermelons,Moon and Stars,https://www.ufseeds.com/product/moon-and-stars-watermelon-seeds/
Vegetables,Watermelons,Orange Crunch,https://www.ufseeds.com/product/orange-crunch-watermelon-seeds/
Vegetables,Watermelons,Harvest Moon Seedless,https://www.ufseeds.com/product/harvest-moon-watermelon-seeds/
Vegetables,Watermelons,Sweet Trip Seedless,https://www.ufseeds.com/product/sweet-trip-seedless-watermelon-seeds/
Vegetables,Watermelons,Round Trip Seedless,https://www.ufseeds.com/product/round-trip-seedless-watermelon-seeds/
Vegetables,Watermelons,Triple Crown Seedless,https://www.ufseeds.com/product/triple-crown-seedless-watermelon-seeds/
Flowers,Cut Flowers,Cut and Come Again,https://www.ufseeds.com/product/pumila-mix-zinnia-seeds/
Flowers,Cut Flowers,All Sorts Mix,https://www.ufseeds.com/product/all-sorts-mix-sunflower-seeds/
Flowers,Cut Flowers,Zohar,https://www.ufseeds.com/product/zohar-sunflower-seeds/
Flowers,Cut Flowers,Velvet Queen,https://www.ufseeds.com/product/velvet-queen-sunflower-seeds/
Flowers,Cut Flowers,Cactus Flowered Mix,https://www.ufseeds.com/product/cactus-flowered-mix-zinnia-seeds/
Flowers,Cut Flowers,State Fair,https://www.ufseeds.com/product/state-fair-again-zinnia-seeds/
Flowers,Cut Flowers,Pumila,https://www.ufseeds.com/product/pumila-zinnia-seeds/
Flowers,Cut Flowers,California Giant,https://www.ufseeds.com/product/california-giant-zinnia-seeds/
Flowers,Cut Flowers,Pacific Beauty Mix,https://www.ufseeds.com/product/pacific-beauty-mix-calendula-seeds/
Flowers,Cut Flowers,Tall Mix,https://www.ufseeds.com/product/sensation-mix-cosmo-seeds/
Flowers,Cut Flowers,Liberty Mix,https://www.ufseeds.com/product/liberty-mix-snapdragon-seeds/
Flowers,Cut Flowers,Black Eyed Susan,https://www.ufseeds.com/product/black-eyed-susan-seeds/
Flowers,Cut Flowers,Balls Orange,https://www.ufseeds.com/product/balls-orange-calendula-seeds/
Flowers,Cut Flowers,Sunspot,https://www.ufseeds.com/product/sunspot-sunflower-seeds/
Flowers,Cut Flowers,Fiesta Gitana,https://www.ufseeds.com/product/fiesta-gitana-calendula-seeds/
Flowers,Cut Flowers,Powder Puff Mix,https://www.ufseeds.com/product/powder-puff-mix-aster-seeds/
Flowers,Cut Flowers,Dwarf Sungold Double,https://www.ufseeds.com/product/dwarf-sungold-double-sunflower-seeds/
Flowers,Cut Flowers,Candystripe,https://www.ufseeds.com/product/candystripe-cosmo-seeds/
Flowers,Cut Flowers,Dwarf Mix,https://www.ufseeds.com/product/dwarf-mix-cosmo-seeds/
Flowers,Cut Flowers,Alpinus Mix,https://www.ufseeds.com/product/alpinus-aster-seeds/
Flowers,Cut Flowers,Sea Shells Mix,https://www.ufseeds.com/product/sea-shell-mix-cosmo-seeds/
Flowers,Cut Flowers,Tall Blue,https://www.ufseeds.com/product/tall-blue-cornflower-seeds/
Flowers,Cut Flowers,Picotee,https://www.ufseeds.com/product/picotee-cosmo-seeds/
Flowers,Cut Flowers,Magic Fountains,https://www.ufseeds.com/product/magic-fountains-delphinium-seeds/
Flowers,Container Flowers,Cut and Come Again,https://www.ufseeds.com/product/pumila-mix-zinnia-seeds/
Flowers,Container Flowers,Sparky Mix,https://www.ufseeds.com/product/petite-mix-marigold-seeds-2/
Flowers,Container Flowers,Velvet Queen,https://www.ufseeds.com/product/velvet-queen-sunflower-seeds/
Flowers,Container Flowers,Petite Mix,https://www.ufseeds.com/product/petite-mix-marigold-seeds/
Flowers,Container Flowers,Cactus Flowered Mix,https://www.ufseeds.com/product/cactus-flowered-mix-zinnia-seeds/
Flowers,Container Flowers,State Fair,https://www.ufseeds.com/product/state-fair-again-zinnia-seeds/
Flowers,Container Flowers,Pumila,https://www.ufseeds.com/product/pumila-zinnia-seeds/
Flowers,Container Flowers,California Giant,https://www.ufseeds.com/product/california-giant-zinnia-seeds/
Flowers,Container Flowers,Aladdin Mix,https://www.ufseeds.com/product/aladdin-mix-petunia-seeds/
Flowers,Container Flowers,Red Maverick,https://www.ufseeds.com/product/red-maverick-geranium-seeds/
Flowers,Container Flowers,Bijou Mix,https://www.ufseeds.com/product/bijou-mix-sweet-pea-seeds/
Flowers,Container Flowers,Sunspot,https://www.ufseeds.com/product/sunspot-sunflower-seeds/
Flowers,Container Flowers,Blackjack,https://www.ufseeds.com/product/viola-blackjack-seeds/
Flowers,Container Flowers,Blue Spire,https://www.ufseeds.com/product/blue-spire-salvia-seeds/
Flowers,Container Flowers,Floral Showers,https://www.ufseeds.com/product/floral-showers-snapdragon-seeds/
Flowers,Container Flowers,Dwarf Sungold Double,https://www.ufseeds.com/product/dwarf-sungold-double-sunflower-seeds/
Flowers,Container Flowers,Ultra Mix,https://www.ufseeds.com/product/ultra-mix-petunia-seeds/
Flowers,Container Flowers,Mix Maverick,https://www.ufseeds.com/product/mix-maverick-geranium-seeds/
Flowers,Container Flowers,Wonderland,https://www.ufseeds.com/product/wonderland-alyssum-seeds/
Flowers,Container Flowers,Mammoth Mix,https://www.ufseeds.com/product/mammoth-mix-sweet-pea-seeds/
Flowers,Container Flowers,Johnny Jump Up,https://www.ufseeds.com/product/johnny-jump-up-viola-seeds/
Flowers,Container Flowers,Knee High,https://www.ufseeds.com/product/knee-high-sweet-pea-seeds/
Flowers,Container Flowers,Old Spice,https://www.ufseeds.com/product/old-spice-sweet-pea-seeds/
Flowers,Container Flowers,Purple Moss,https://www.ufseeds.com/product/purple-moss-verbena-seeds/
Flowers,Edible Flowers,Slow Bolt,https://www.ufseeds.com/product/slow-bolt-cilantro-seeds/
Flowers,Edible Flowers,Common,https://www.ufseeds.com/product/common-rosemary-seeds/
Flowers,Edible Flowers,Common,https://www.ufseeds.com/product/italian-chive-seeds/
Flowers,Edible Flowers,Peppermint,https://www.ufseeds.com/product/peppermint-seeds/
Flowers,Edible Flowers,Common,https://www.ufseeds.com/product/lemon-balm/
Flowers,Edible Flowers,Common,https://www.ufseeds.com/product/common-borage-seed/
Flowers,Edible Flowers,Florence,https://www.ufseeds.com/product/florence-fennel-seed/
Flowers,Edible Flowers,Dwarf Jewel Mix,https://www.ufseeds.com/product/dwarf-jewel-mix-nasturtium-seeds/
Flowers,Edible Flowers,Dukat,https://www.ufseeds.com/product/dukat-dill-seeds/
Flowers,Edible Flowers,Creeping,https://www.ufseeds.com/product/creeping-thyme-seeds/
Flowers,Edible Flowers,Cow Horn,https://www.ufseeds.com/product/cow-horn-okra-seeds/
Flowers,Edible Flowers,Rainbow Fiesta,https://www.ufseeds.com/product/rainbow-fiesta-okra-seeds/
Flowers,Edible Flowers,Pacific Beauty Mix,https://www.ufseeds.com/product/pacific-beauty-mix-calendula-seeds/
Flowers,Edible Flowers,Crackerjack,https://www.ufseeds.com/product/crackerjack-marigold-seeds/
Flowers,Edible Flowers,Star of David,https://www.ufseeds.com/product/star-of-david-okra-seed/
Flowers,Edible Flowers,Purple,https://www.ufseeds.com/product/purple-coneflower-seeds/
Flowers,Edible Flowers,Balls Orange,https://www.ufseeds.com/product/balls-orange-calendula-seeds/
Flowers,Edible Flowers,Single Mix,https://www.ufseeds.com/product/single-mix-nasturtium-seeds/
Flowers,Edible Flowers,Fiesta Gitana,https://www.ufseeds.com/product/fiesta-gitana-calendula-seeds/
Flowers,Edible Flowers,Blackjack,https://www.ufseeds.com/product/viola-blackjack-seeds/
Flowers,Edible Flowers,Floral Showers,https://www.ufseeds.com/product/floral-showers-snapdragon-seeds/
Flowers,Edible Flowers,Tom Thumb Mix,https://www.ufseeds.com/product/tom-thumb-mix-nasturtium-seeds/
Flowers,Edible Flowers,Cocozelle,https://www.ufseeds.com/product/cocozelle-zucchini-seeds/
Flowers,Edible Flowers,Alaska,https://www.ufseeds.com/product/alaska-nasturtium-seeds/
Flowers,Aster,Powder Puff Mix,https://www.ufseeds.com/product/powder-puff-mix-aster-seeds/
Flowers,Aster,Alpinus Mix,https://www.ufseeds.com/product/alpinus-aster-seeds/
Flowers,Butterfly Weed,Swamp,https://www.ufseeds.com/product/swamp-milkweed-seeds/
Flowers,Butterfly Weed,Common,https://www.ufseeds.com/product/common-milkweed-seeds/
Flowers,Butterfly Weed,Butterfly,https://www.ufseeds.com/product/butterfly-milkweed-seeds/
Flowers,Butterfly Weed,Whorled,https://www.ufseeds.com/product/whorled-milkweed-seeds/
Flowers,Butterfly Weed,Bloodflower,https://www.ufseeds.com/product/bloodflower-milkweed-seeds/
Flowers,Butterfly Weed,Showy,https://www.ufseeds.com/product/showy-milkweed-seeds/
Flowers,Coreopsis,Lance Leaved,https://www.ufseeds.com/product/lance-leaved-coreopsis-seeds/
Flowers,Coreopsis,Plains,https://www.ufseeds.com/product/plains-coreopsis-seeds/
Flowers,Coreopsis,Tall,https://www.ufseeds.com/product/tall-coreopsis-seeds/
Flowers,Cosmos,Tall Mix,https://www.ufseeds.com/product/sensation-mix-cosmo-seeds/
Flowers,Cosmos,Candystripe,https://www.ufseeds.com/product/candystripe-cosmo-seeds/
Flowers,Cosmos,Dwarf Mix,https://www.ufseeds.com/product/dwarf-mix-cosmo-seeds/
Flowers,Cosmos,Sea Shells Mix,https://www.ufseeds.com/product/sea-shell-mix-cosmo-seeds/
Flowers,Cosmos,Picotee,https://www.ufseeds.com/product/picotee-cosmo-seeds/
Flowers,Cosmos,Daydream,https://www.ufseeds.com/product/daydream-cosmo-seeds/
Flowers,Cosmos,Radiance,https://www.ufseeds.com/product/radiance-cosmo-seeds/
Flowers,Cosmos,Gloria,https://www.ufseeds.com/product/gloria-cosmo-seeds/
Flowers,Cosmos,Pinkie,https://www.ufseeds.com/product/pinkie-cosmo-seeds/
Flowers,Cosmos,Purity,https://www.ufseeds.com/product/purity-cosmo-seeds/
Flowers,Cosmos,Dazzler,https://www.ufseeds.com/product/dazzler-cosmo-seeds/
Flowers,Cosmos,Bright Lights,https://www.ufseeds.com/product/bright-lights-cosmo-seeds/
Flowers,Daisies,Painted,https://www.ufseeds.com/product/painted-daisy-seeds/
Flowers,Daisies,Shasta,https://www.ufseeds.com/product/shasta-daisy-seeds/
Flowers,Daisies,Crazy,https://www.ufseeds.com/product/crazy-daisy-seeds/
Flowers,Daisies,Gloriosa,https://www.ufseeds.com/product/gloriosa-daisy-seeds/
Flowers,Galium Odoratum,Sweet Woodruff,https://www.ufseeds.com/product/sweet-woodruff-seeds/
Flowers,Ipomoea (Moonflower),Giant White,https://www.ufseeds.com/product/giant-white-moonflower-seeds/
Flowers,Ipomoea (Moonflower),Tall Mix,https://www.ufseeds.com/product/tall-mix-morning-glory-seeds/
Flowers,Ipomoea (Moonflower),Heavenly Blue,https://www.ufseeds.com/product/heavenly-blue-morning-glory-seeds/
Flowers,Ipomoea (Moonflower),Grandpa Ott,https://www.ufseeds.com/product/grandpa-ott-morning-glory-seeds/
Flowers,Ipomoea (Moonflower),Crimson Rambler,https://www.ufseeds.com/product/crimson-rambler-morning-glory-seeds/
Flowers,Marigold,Sparky Mix,https://www.ufseeds.com/product/petite-mix-marigold-seeds-2/
Flowers,Marigold,Petite Mix,https://www.ufseeds.com/product/petite-mix-marigold-seeds/
Flowers,Marigold,Crackerjack,https://www.ufseeds.com/product/crackerjack-marigold-seeds/
Flowers,Marigold,Yellow Inca II,https://www.ufseeds.com/product/yellow-inca-ii-marigold-seeds/
Flowers,Marigold,Orange Inca II,https://www.ufseeds.com/product/orange-inca-ii-marigold-seeds/
Flowers,Milkweed,Swamp,https://www.ufseeds.com/product/swamp-milkweed-seeds/
Flowers,Milkweed,Common,https://www.ufseeds.com/product/common-milkweed-seeds/
Flowers,Milkweed,Butterfly,https://www.ufseeds.com/product/butterfly-milkweed-seeds/
Flowers,Milkweed,Whorled,https://www.ufseeds.com/product/whorled-milkweed-seeds/
Flowers,Milkweed,Bloodflower,https://www.ufseeds.com/product/bloodflower-milkweed-seeds/
Flowers,Milkweed,Showy,https://www.ufseeds.com/product/showy-milkweed-seeds/
Flowers,Nasturtium,Dwarf Jewel Mix,https://www.ufseeds.com/product/dwarf-jewel-mix-nasturtium-seeds/
Flowers,Nasturtium,Single Mix,https://www.ufseeds.com/product/single-mix-nasturtium-seeds/
Flowers,Nasturtium,Tom Thumb Mix,https://www.ufseeds.com/product/tom-thumb-mix-nasturtium-seeds/
Flowers,Nasturtium,Alaska,https://www.ufseeds.com/product/alaska-nasturtium-seeds/
Flowers,Nasturtium,Peach Melba,https://www.ufseeds.com/product/peach-melba-nasturtium-seeds/
Flowers,Nasturtium,Empress of India Dwarf,https://www.ufseeds.com/product/empress-of-india-dwarf-nasturtium-seeds/
Flowers,Ornamental Grass,Pampas,https://www.ufseeds.com/product/pampas-grass-ornamental-grass-seed/
Flowers,Ornamental Grass,Big Bluestem,https://www.ufseeds.com/product/big-bluestem-ornamental-grass-seed/
Flowers,Ornamental Grass,Blue fescue,https://www.ufseeds.com/product/blue-fescue-ornamental-grass-seed/
Flowers,Ornamental Grass,Little Bluestem,https://www.ufseeds.com/product/little-bluestem-ornamental-grass-seed/
Flowers,Ornamental Grass,Miscanthus,https://www.ufseeds.com/product/miscanthus-ornamental-grass-seed/
Flowers,Ornamental Grass,Stipa Pony Tails,https://www.ufseeds.com/product/stipa-ponytails-ornamental-grass-seed/
Flowers,Poppy,California,https://www.ufseeds.com/product/california-poppy-seeds/
Flowers,Poppy,Great Red,https://www.ufseeds.com/product/great-red-poppy-seeds/
Flowers,Poppy,Ballerina Mix,https://www.ufseeds.com/product/ballerina-mix-poppy-seeds/
Flowers,Poppy,Formula Mix,https://www.ufseeds.com/product/formula-mix-poppy-seeds/
Flowers,Poppy,Iceland,https://www.ufseeds.com/product/iceland-poppy-seeds/
Flowers,Roses,Yellow Bush,https://www.ufseeds.com/product/yellow-bush-rose-seeds/
Flowers,Roses,Red Bush,https://www.ufseeds.com/product/red-bush-rose-seeds/
Flowers,Roses,Purple Bush,https://www.ufseeds.com/product/purple-bush-rose-seeds/
Flowers,Roses,White Bush,https://www.ufseeds.com/product/white-bush-rose-seeds/
Flowers,Roses,Pink Climbing,https://www.ufseeds.com/product/climbing-pink-rose-seeds/
Flowers,Roses,Pink Bush,https://www.ufseeds.com/product/pink-bush-rose-seeds/
Flowers,Roses,Green Bush,https://www.ufseeds.com/product/green-bush-rose-seeds/
Flowers,Roses,Red Climbing,https://www.ufseeds.com/product/climbing-red-rose-seeds/
Flowers,Rudbeckia,Black Eyed Susan,https://www.ufseeds.com/product/black-eyed-susan-seeds/
Flowers,Rudbeckia,Indian Summer,https://www.ufseeds.com/product/indian-summer-rudbeckia-seeds/
Flowers,Rudbeckia,Marmalade,https://www.ufseeds.com/product/marmalade-rudbeckia-seeds/
Flowers,Rudbeckia,Goldstrum,https://www.ufseeds.com/product/goldsturm-rudbeckia-seeds/
Flowers,Snapdragon,Liberty Mix,https://www.ufseeds.com/product/liberty-mix-snapdragon-seeds/
Flowers,Snapdragon,Floral Showers,https://www.ufseeds.com/product/floral-showers-snapdragon-seeds/
Flowers,Snapdragon,Tall Mix,https://www.ufseeds.com/product/tall-mix-snapdragon-seeds/
Flowers,Snapdragon,Dwarf Mix,https://www.ufseeds.com/product/dwarf-mix-snapdragon-seeds/
Flowers,Sunflowers,All Sorts Mix,https://www.ufseeds.com/product/all-sorts-mix-sunflower-seeds/
Flowers,Sunflowers,Mammoth Grey Striped,https://www.ufseeds.com/product/mammoth-sunflower-seeds/
Flowers,Sunflowers,Zohar,https://www.ufseeds.com/product/zohar-sunflower-seeds/
Flowers,Sunflowers,Velvet Queen,https://www.ufseeds.com/product/velvet-queen-sunflower-seeds/
Flowers,Sunflowers,Autumn Beauty,https://www.ufseeds.com/product/autumn-beauty-sunflower-seeds/
Flowers,Sunflowers,Sunspot,https://www.ufseeds.com/product/sunspot-sunflower-seeds/
Flowers,Sunflowers,Dwarf Sungold Double,https://www.ufseeds.com/product/dwarf-sungold-double-sunflower-seeds/
Flowers,Sunflowers,Lemon Queen,https://www.ufseeds.com/product/lemon-queen-sunflower-seeds/
Flowers,Sunflowers,False,https://www.ufseeds.com/product/false-sunflower-seeds/
Flowers,Sunflowers,Western,https://www.ufseeds.com/product/western-sunflower-seeds/
Flowers,Sweet Pea,Bijou Mix,https://www.ufseeds.com/product/bijou-mix-sweet-pea-seeds/
Flowers,Sweet Pea,Mammoth Mix,https://www.ufseeds.com/product/mammoth-mix-sweet-pea-seeds/
Flowers,Sweet Pea,Knee High,https://www.ufseeds.com/product/knee-high-sweet-pea-seeds/
Flowers,Sweet Pea,Old Spice,https://www.ufseeds.com/product/old-spice-sweet-pea-seeds/
Flowers,Sweet Pea,Heirloom Mix,https://www.ufseeds.com/product/heirloom-mix-sweet-pea-seeds/
Flowers,Sweet Pea,Royal Family Mix,https://www.ufseeds.com/product/royal-family-mix-sweet-pea-seeds/
Flowers,Zinnias,Cut and Come Again,https://www.ufseeds.com/product/pumila-mix-zinnia-seeds/
Flowers,Zinnias,Cactus Flowered Mix,https://www.ufseeds.com/product/cactus-flowered-mix-zinnia-seeds/
Flowers,Zinnias,State Fair,https://www.ufseeds.com/product/state-fair-again-zinnia-seeds/
Flowers,Zinnias,Pumila,https://www.ufseeds.com/product/pumila-zinnia-seeds/
Flowers,Zinnias,California Giant,https://www.ufseeds.com/product/california-giant-zinnia-seeds/
Flowers,Zinnias,Cherry Queen,https://www.ufseeds.com/product/cherry-queen-zinnia-seeds/
Flowers,Zinnias,Canary Bird,https://www.ufseeds.com/product/canary-bird-zinnia-seeds/
Flowers,Zinnias,White Crystal Mexican,https://www.ufseeds.com/product/white-crystal-mexican-zinnia-seeds/
Flowers,Zinnias,Orange Crystal Mexican,https://www.ufseeds.com/product/orange-crystal-mexican-zinnia-seeds/
Flowers,Zinnias,Orange King,https://www.ufseeds.com/product/orange-king-zinnia-seeds/
Flowers,Zinnias,Purple Prince,https://www.ufseeds.com/product/purple-prince-zinnia-seeds/
Flowers,Zinnias,Polar Bear,https://www.ufseeds.com/product/polar-bear-zinnia-seeds/
Flowers,Zinnias,Yellow Crystal Mexican,https://www.ufseeds.com/product/yellow-crystal-mexican-zinnia-seeds/
Flowers,Zinnias,Pink Luminosa,https://www.ufseeds.com/product/pink-luminosa-zinnia-seeds/
Fruits,Blackberry,Cheyenne,https://www.ufseeds.com/product/cheyenne-blackberry-plant/
Fruits,Blueberry,Jersey,https://www.ufseeds.com/product/jersey-blueberry-plant/
Fruits,Blueberry,Collection Mix,https://www.ufseeds.com/product/blueberry-mix-plants/
Fruits,Blueberry,Bluecrop,https://www.ufseeds.com/product/bluecrop-blueberry-plant/
Fruits,Blueberry,Blueray,https://www.ufseeds.com/product/blueray-blueberry-plant/
Fruits,Cranberry,Ben Lear,https://www.ufseeds.com/product/ben-lear-cranberry-plant/
Fruits,Currant,Red Currant,https://www.ufseeds.com/product/red-currant-tomato-seeds/
Fruits,Currant,Red Lake,https://www.ufseeds.com/product/red-lake-currant-plant/
Fruits,Gooseberry,Pixwell,https://www.ufseeds.com/product/pixwell-gooseberry-plant/
Fruits,Grapes,Concord,https://www.ufseeds.com/product/concord-grape-plant/
Fruits,Grapes,Niagara,https://www.ufseeds.com/product/niagara-grape-plant/
Fruits,Grapes,Collection Mix,https://www.ufseeds.com/product/grape-mix-plants/
Fruits,Grapes,Catawba,https://www.ufseeds.com/product/catawaba-grape-plant/
Fruits,Kiwi,Issai,https://www.ufseeds.com/product/issai-kiwi-plant/
Fruits,Melons,Hales Best Jumbo,https://www.ufseeds.com/product/hales-best-jumbo-melon/
Fruits,Melons,Honey Rock,https://www.ufseeds.com/product/honey-rock-melon-seeds/
Fruits,Melons,Honeydew Green Flesh,https://www.ufseeds.com/product/honeydew-green-flesh-melon-seeds/
Fruits,Melons,Minnesota Midget,https://www.ufseeds.com/product/minnesota-midget-melon-seeds/
Fruits,Melons,Delicious 51,https://www.ufseeds.com/product/delicious-51-melon-seeds/
Fruits,Melons,Planters Jumbo,https://www.ufseeds.com/product/planters-jumbo-melon-seeds/
Fruits,Melons,Charentais,https://www.ufseeds.com/product/charentais-cantaloupe-seeds/
Fruits,Melons,Ambrosia Hybrid,https://www.ufseeds.com/product/ambrosia-hybrid-melon-seeds/
Fruits,Melons,Emerald Green Gem,https://www.ufseeds.com/product/emerald-green-gem-melon-seeds/
Fruits,Melons,Sakatas Sweet,https://www.ufseeds.com/product/sakatas-sweet-melon-seeds/
Fruits,Melons,Tuscany,https://www.ufseeds.com/product/tuscany-melon-seeds/
Fruits,Melons,Piel De Sapo,https://www.ufseeds.com/product/piel-de-sapo-melon-seeds/
Fruits,Melons,Edisto 47,https://www.ufseeds.com/product/edisto-47-cantaloupe-seeds/
Fruits,Melons,Rocky Ford Green Flesh,https://www.ufseeds.com/product/rocky-ford-green-flesh-melon-seeds/
Fruits,Melons,Tasty Bites,https://www.ufseeds.com/product/tasty-bites-cantaloupe-seeds/
Fruits,Melons,Banana,https://www.ufseeds.com/product/banana-melon-seeds/
Fruits,Melons,Honeydew Orange Flesh,https://www.ufseeds.com/product/honeydew-orange-flesh-melon-seeds/
Fruits,Melons,Crenshaw,https://www.ufseeds.com/product/crenshaw-cantaloupe-seeds/
Fruits,Melons,Bidwell Casaba,https://www.ufseeds.com/product/bidwell-casaba-melon-seeds/
Fruits,Melons,Golden Beauty Casaba,https://www.ufseeds.com/product/casaba-melon-seeds/
Fruits,Melons,Hearts of Gold,https://www.ufseeds.com/product/hearts-of-gold-melon-seeds/
Fruits,Raspberry,Latham Red,https://www.ufseeds.com/product/latham-red-raspberry-plant/
Fruits,Raspberry,Collection Mix,https://www.ufseeds.com/product/raspberry-mix-plants/
Fruits,Raspberry,Jewel,https://www.ufseeds.com/product/jewel-raspberry-plant/
Fruits,Raspberry,Fall Gold,https://www.ufseeds.com/product/fall-gold-raspberry-plant/
Fruits,Rhubarb,Victoria,https://www.ufseeds.com/product/victoria-rhubarb-seeds/
Fruits,Rhubarb,Victoria,https://www.ufseeds.com/product/victoria-rhubarb-roots/
Fruits,Strawberry,Collection Mix,https://www.ufseeds.com/product/strawberry-mix-plants/
Fruits,Strawberry,Allstar,https://www.ufseeds.com/product/allstar-strawberry-plants/
Fruits,Strawberry,White Alpine,https://www.ufseeds.com/product/white-alpine-strawberry-seeds/
Fruits,Strawberry,Temptation,https://www.ufseeds.com/product/temptation-strawberry-seeds/
Fruits,Strawberry,Giant,https://www.ufseeds.com/product/giant-strawberry-seeds/
Fruits,Strawberry,Seascape,https://www.ufseeds.com/product/seascape-strawberry-plants/
Fruits,Strawberry,Eversweet,https://www.ufseeds.com/product/eversweet-strawberry-plants/
Fruits,Strawberry,White Carolina Pineberry,https://www.ufseeds.com/product/white-carolina-pineberry-roots/
Fruits,Strawberry,Honeoye,https://www.ufseeds.com/product/honeoye-strawberry-plants/
Fruits,Strawberry,Fresca,https://www.ufseeds.com/product/fresca-strawberry-seeds/
Fruits,Watermelons,Sugar Baby,https://www.ufseeds.com/product/sugar-baby-watermelon-seeds/
Fruits,Watermelons,All Sweet,https://www.ufseeds.com/product/all-sweet-watermelon-seeds/
Fruits,Watermelons,Little Trip Seedless,https://www.ufseeds.com/product/little-trip-seedless-watermelon-seeds/
Fruits,Watermelons,Yellow Crunch,https://www.ufseeds.com/product/yellow-crunch-watermelon-seeds/
Fruits,Watermelons,Black Diamond,https://www.ufseeds.com/product/black-diamond-watermelon-seeds/
Fruits,Watermelons,Dixie Queen,https://www.ufseeds.com/product/dixie-queen-watermelon-seeds/
Fruits,Watermelons,Crimson Sweet,https://www.ufseeds.com/product/crimson-sweet-watermelon-seeds/
Fruits,Watermelons,Sangria,https://www.ufseeds.com/product/sangria-watermelon-seeds/
Fruits,Watermelons,Congo,https://www.ufseeds.com/product/congo-watermelon-seeds/
Fruits,Watermelons,Charleston Grey,https://www.ufseeds.com/product/charleston-grey-watermelon-seeds/
Fruits,Watermelons,Tendersweet Orange,https://www.ufseeds.com/product/tendersweet-orange-watermelon-seeds/
Fruits,Watermelons,Triple Gold Seedless,https://www.ufseeds.com/product/triple-gold-seedless-watermelon-seeds/
Fruits,Watermelons,Top Gun,https://www.ufseeds.com/product/top-gun-watermelon-seeds/
Fruits,Watermelons,Moon and Stars,https://www.ufseeds.com/product/moon-and-stars-watermelon-seeds/
Fruits,Watermelons,Orange Crunch,https://www.ufseeds.com/product/orange-crunch-watermelon-seeds/
Fruits,Watermelons,Harvest Moon Seedless,https://www.ufseeds.com/product/harvest-moon-watermelon-seeds/
Fruits,Watermelons,Sweet Trip Seedless,https://www.ufseeds.com/product/sweet-trip-seedless-watermelon-seeds/
Fruits,Watermelons,Round Trip Seedless,https://www.ufseeds.com/product/round-trip-seedless-watermelon-seeds/
Fruits,Watermelons,Triple Crown Seedless,https://www.ufseeds.com/product/triple-crown-seedless-watermelon-seeds/
